Workbook

Sheet CI_RAZON_SOCIAL
A1: @PP_L_DEBUG | B1: @PP_K_SISTEMA_EXE | C1: @PP_K_RAZON_SOCIAL | D1: @PP_D_RAZON_SOCIAL | E1: @PP_S_RAZON_SOCIAL | F1: @PP_K_TIPO_RAZON_SOCIAL | G1: @PP_RAZON_SOCIAL | H1: @PP_RFC_RAZON_SOCIAL | I1: @PP_CURP | J1: @PP_CORREO | K1: @PP_TELEFONO | L1: @PP_CALLE | M1: @PP_NUMERO_EXTERIOR | N1: @PP_NUMERO_INTERIOR | O1: @PP_COLONIA | P1: @PP_POBLACION | Q1: @PP_CP | R1: @PP_MUNICIPIO | S1: @PP_K_REGION | U1: [dbo].[PG_CI_RAZON_SOCIAL] | V1: =CONCATENATE("-- ======================================== ",U1) -> -- ======================================== [dbo].[PG_CI_RAZON_SOCIAL]
A2: 0 | B2: 0 | C2: 0 | D2: ( SIN RAZON SOCIAL ) | E2: XXXXX | F2: 0 | G2: SIN ASIGNAR | H2: XXX000000XX0 | Q2: 12345 | S2: 0 | V2: =CONCATENATE("EXECUTE ",$U$1,"0,0,0, ",C2,", '",D2,"', '",E2,"', ",F2, ",'", G2,"', '",H2,"', '",I2,"', '",J2,"', '",K2,"', '",L2,"', '",M2,"', '",N2,"', '",O2,"', '",P2,"', '",Q2,"', '",R2,"', ",S2) -> EXECUTE [dbo].[PG_CI_RAZON_SOCIAL] 0,0,0, 0, '( SIN RAZON SOCIAL )', 'XXXXX', 0,'SIN ASIGNAR', 'XXX000000XX0', '', '', '', '', '', '', '', '', '12345', '', 0
A3: 0 | B3: 0 | C3: 86 | D3: GAS Y PETROLEO / GOLFO | E3: GYPGF | F3: 3 | G3: COMPAÑIA IMPORTADORA DE GAS Y PETROLEO DEL GOLFO SA DE CV | H3: IGP160201NK5 | L3: AV SAN FELIPE | M3: 807 | N3: S/N | O3: SAN FELIPE II | P3: CHIHUAHUA | Q3: 31203 | R3: CHIHUAHUA | S3: 0 | V3: =CONCATENATE("EXECUTE ",$U$1,"0,0,0, ",C3,", '",D3,"', '",E3,"', ",F3, ",'", G3,"', '",H3,"', '",I3,"', '",J3,"', '",K3,"', '",L3,"', '",M3,"', '",N3,"', '",O3,"', '",P3,"', '",Q3,"', '",R3,"', ",S3) -> EXECUTE [dbo].[PG_CI_RAZON_SOCIAL] 0,0,0, 86, 'GAS Y PETROLEO / GOLFO', 'GYPGF', 3,'COMPAÑIA IMPORTADORA DE GAS Y PETROLEO DEL GOLFO SA DE CV', 'IGP160201NK5', '', '', '', 'AV SAN FELIPE', '807', 'S/N', 'SAN FELIPE II', 'CHIHUAHUA', '31203', 'CHIHUAHUA', 0
A4: 0 | B4: 0 | C4: 84 | D4: GAS Y PRETROLEO / JUAREZ | E4: GYPJZ | F4: 3 | G4: COMPAÑIA IMPORTADORA DE GAS Y PRETROLEO DE JUAREZ, SA DE CV | H4: IGP160201P62 | L4: AV SAN FELIPE | M4: 807 | N4: SN | O4: SAN FELIPE II | P4: SN | Q4: 31203 | R4: CHIHUAHUA | S4: 0 | V4: =CONCATENATE("EXECUTE ",$U$1,"0,0,0, ",C4,", '",D4,"', '",E4,"', ",F4, ",'", G4,"', '",H4,"', '",I4,"', '",J4,"', '",K4,"', '",L4,"', '",M4,"', '",N4,"', '",O4,"', '",P4,"', '",Q4,"', '",R4,"', ",S4) -> EXECUTE [dbo].[PG_CI_RAZON_SOCIAL] 0,0,0, 84, 'GAS Y PRETROLEO / JUAREZ', 'GYPJZ', 3,'COMPAÑIA IMPORTADORA DE GAS Y PRETROLEO DE JUAREZ, SA DE CV', 'IGP160201P62', '', '', '', 'AV SAN FELIPE', '807', 'SN', 'SAN FELIPE II', 'SN', '31203', 'CHIHUAHUA', 0
A5: 0 | B5: 0 | C5: 6 | D5: MEXICANA DE GAS | E5: MEXGS | F5: 1 | G5: COMPAÑIA MEXICANA DE GAS COMBUSTIBLE SA DE CV | H5: MGC471027M17 | L5: KM 22.5 AUTOPISTA MEXICO PUEBLA | M5: S/N | O5: SANTA CATARINA YECAHUIZOTL | P5: TLAHUAC | Q5: 53100 | R5: TLAHUAC | S5: 0 | V5: =CONCATENATE("EXECUTE ",$U$1,"0,0,0, ",C5,", '",D5,"', '",E5,"', ",F5, ",'", G5,"', '",H5,"', '",I5,"', '",J5,"', '",K5,"', '",L5,"', '",M5,"', '",N5,"', '",O5,"', '",P5,"', '",Q5,"', '",R5,"', ",S5) -> EXECUTE [dbo].[PG_CI_RAZON_SOCIAL] 0,0,0, 6, 'MEXICANA DE GAS', 'MEXGS', 1,'COMPAÑIA MEXICANA DE GAS COMBUSTIBLE SA DE CV', 'MGC471027M17', '', '', '', 'KM 22.5 AUTOPISTA MEXICO PUEBLA', 'S/N', '', 'SANTA CATARINA YECAHUIZOTL', 'TLAHUAC', '53100', 'TLAHUAC', 0
A6: 0 | B6: 0 | C6: 10 | D6: BUTEP | E6: BUTEP | F6: 1 | G6: GAS BUTEP S.A. DE C.V. | H6: GBU7109148V4 | L6: AV. MORELOS | M6: 51 | O6: CENTRO | P6: TEPATITLAN | Q6: 47600 | R6: TEPATITLAN | S6: 0 | V6: =CONCATENATE("EXECUTE ",$U$1,"0,0,0, ",C6,", '",D6,"', '",E6,"', ",F6, ",'", G6,"', '",H6,"', '",I6,"', '",J6,"', '",K6,"', '",L6,"', '",M6,"', '",N6,"', '",O6,"', '",P6,"', '",Q6,"', '",R6,"', ",S6) -> EXECUTE [dbo].[PG_CI_RAZON_SOCIAL] 0,0,0, 10, 'BUTEP', 'BUTEP', 1,'GAS BUTEP S.A. DE C.V.', 'GBU7109148V4', '', '', '', 'AV. MORELOS', '51', '', 'CENTRO', 'TEPATITLAN', '47600', 'TEPATITLAN', 0
A7: 0 | B7: 0 | C7: 11 | D7: CHAPULTEPEC (GAS) | E7: CHAPU | F7: 1 | G7: GAS CHAPULTEPEC SA DE CV | H7: GCA5411048Z4 | L7: SIDERURGIA | M7: S/N | O7: INDUSTRIAL XALOSTOC | P7: ECATEPEC DE MORELOS | Q7: 55348 | R7: ECATEPEC DE MORELOS | S7: 0 | V7: =CONCATENATE("EXECUTE ",$U$1,"0,0,0, ",C7,", '",D7,"', '",E7,"', ",F7, ",'", G7,"', '",H7,"', '",I7,"', '",J7,"', '",K7,"', '",L7,"', '",M7,"', '",N7,"', '",O7,"', '",P7,"', '",Q7,"', '",R7,"', ",S7) -> EXECUTE [dbo].[PG_CI_RAZON_SOCIAL] 0,0,0, 11, 'CHAPULTEPEC (GAS)', 'CHAPU', 1,'GAS CHAPULTEPEC SA DE CV', 'GCA5411048Z4', '', '', '', 'SIDERURGIA', 'S/N', '', 'INDUSTRIAL XALOSTOC', 'ECATEPEC DE MORELOS', '55348', 'ECATEPEC DE MORELOS', 0
A8: 0 | B8: 0 | C8: 12 | D8: GAS COMERCIAL / NUEVO CASAS GRANDES | E8: GCNCG | F8: 1 | G8: GAS COMERCIAL DE NUEVO CASAS GRANDES SA DE CV | H8: GCN6105309I5 | L8: C SUECO KM 189 42 | M8: S/N | O8: OBRERA | P8: NUEVO CASAS GRANDES | Q8: 31750 | R8: NUEVO CASAS GRANDES | S8: 0 | V8: =CONCATENATE("EXECUTE ",$U$1,"0,0,0, ",C8,", '",D8,"', '",E8,"', ",F8, ",'", G8,"', '",H8,"', '",I8,"', '",J8,"', '",K8,"', '",L8,"', '",M8,"', '",N8,"', '",O8,"', '",P8,"', '",Q8,"', '",R8,"', ",S8) -> EXECUTE [dbo].[PG_CI_RAZON_SOCIAL] 0,0,0, 12, 'GAS COMERCIAL / NUEVO CASAS GRANDES', 'GCNCG', 1,'GAS COMERCIAL DE NUEVO CASAS GRANDES SA DE CV', 'GCN6105309I5', '', '', '', 'C SUECO KM 189 42', 'S/N', '', 'OBRERA', 'NUEVO CASAS GRANDES', '31750', 'NUEVO CASAS GRANDES', 0
A9: 0 | B9: 0 | C9: 13 | D9: GAS COMERCIAL / VILLA AHUMADA | E9: GCVAH | F9: 1 | G9: GAS COMERCIAL DE VILLA AHUMADA SA DE CV | H9: GCV610502NY0 | L9: CARR PANAMERICA KM 17 | M9: S/N | O9: AMPLIACION AEROPUERTO | P9: JUAREZ | Q9: 32690 | R9: JUAREZ | S9: 0 | V9: =CONCATENATE("EXECUTE ",$U$1,"0,0,0, ",C9,", '",D9,"', '",E9,"', ",F9, ",'", G9,"', '",H9,"', '",I9,"', '",J9,"', '",K9,"', '",L9,"', '",M9,"', '",N9,"', '",O9,"', '",P9,"', '",Q9,"', '",R9,"', ",S9) -> EXECUTE [dbo].[PG_CI_RAZON_SOCIAL] 0,0,0, 13, 'GAS COMERCIAL / VILLA AHUMADA', 'GCVAH', 1,'GAS COMERCIAL DE VILLA AHUMADA SA DE CV', 'GCV610502NY0', '', '', '', 'CARR PANAMERICA KM 17', 'S/N', '', 'AMPLIACION AEROPUERTO', 'JUAREZ', '32690', 'JUAREZ', 0
A10: 0 | B10: 0 | C10: 53 | D10: TENABO (GAS) | E10: GSILZ | F10: 1 | G10: GAS DE TENABO S.A. DE C.V. | H10: GTE031106PU9 | L10: CARRETERA CAMPECHE MERIDA KM 35 MAS 200 | M10: S/N | O10: SIN COLONIA | P10: TENABO | Q10: 24700 | R10: TENABO | S10: 0 | V10: =CONCATENATE("EXECUTE ",$U$1,"0,0,0, ",C10,", '",D10,"', '",E10,"', ",F10, ",'", G10,"', '",H10,"', '",I10,"', '",J10,"', '",K10,"', '",L10,"', '",M10,"', '",N10,"', '",O10,"', '",P10,"', '",Q10,"', '",R10,"', ",S10) -> EXECUTE [dbo].[PG_CI_RAZON_SOCIAL] 0,0,0, 53, 'TENABO (GAS)', 'GSILZ', 1,'GAS DE TENABO S.A. DE C.V.', 'GTE031106PU9', '', '', '', 'CARRETERA CAMPECHE MERIDA KM 35 MAS 200', 'S/N', '', 'SIN COLONIA', 'TENABO', '24700', 'TENABO', 0
A11: 0 | B11: 0 | C11: 16 | D11: SILZA (GAS) | E11: GSLZA | F11: 1 | G11: GAS SILZA S.A. DE C.V. | H11: GSI900821UG1 | L11: CARRETERA A TECATE KM 27.5 | M11: S/N | O11: LA MESA | P11: TIJUANA | Q11: 22105 | R11: TIJUANA | S11: 0 | V11: =CONCATENATE("EXECUTE ",$U$1,"0,0,0, ",C11,", '",D11,"', '",E11,"', ",F11, ",'", G11,"', '",H11,"', '",I11,"', '",J11,"', '",K11,"', '",L11,"', '",M11,"', '",N11,"', '",O11,"', '",P11,"', '",Q11,"', '",R11,"', ",S11) -> EXECUTE [dbo].[PG_CI_RAZON_SOCIAL] 0,0,0, 16, 'SILZA (GAS)', 'GSLZA', 1,'GAS SILZA S.A. DE C.V.', 'GSI900821UG1', '', '', '', 'CARRETERA A TECATE KM 27.5', 'S/N', '', 'LA MESA', 'TIJUANA', '22105', 'TIJUANA', 0
A12: 0 | B12: 0 | C12: 89 | D12: TITANIUM (GAS) | E12: TITAN | F12: 1 | G12: GAS TITANIUM S.A. DE C.V. | H12: GTI110912122 | L12: SAN ISIDRO LA SOLEDAD KM. 19.8 | M12: S/N | N12: S/N | O12: N/D | P12: PALO ALTO | Q12: 20330 | R12: EL LLANO | S12: 0 | V12: =CONCATENATE("EXECUTE ",$U$1,"0,0,0, ",C12,", '",D12,"', '",E12,"', ",F12, ",'", G12,"', '",H12,"', '",I12,"', '",J12,"', '",K12,"', '",L12,"', '",M12,"', '",N12,"', '",O12,"', '",P12,"', '",Q12,"', '",R12,"', ",S12) -> EXECUTE [dbo].[PG_CI_RAZON_SOCIAL] 0,0,0, 89, 'TITANIUM (GAS)', 'TITAN', 1,'GAS TITANIUM S.A. DE C.V.', 'GTI110912122', '', '', '', 'SAN ISIDRO LA SOLEDAD KM. 19.8', 'S/N', 'S/N', 'N/D', 'PALO ALTO', '20330', 'EL LLANO', 0
A13: 0 | B13: 0 | C13: 19 | D13: TOMZA / MEXICO (GAS) | E13: GTMEX | F13: 1 | G13: GAS TOMZA DE MEXICO S.A. DE C.V. | H13: GTM020909DJ2 | L13: PARQUE INDUSTRIAL TEPEJI LT 183 MZ 24 | M13: S/N | O13: PARQUE INDUSTRIAL TEPEJI | P13: TEPEJI DEL RIO | Q13: 42850 | R13: TEPEJI DEL RIO DE OCAMPO | S13: 0 | V13: =CONCATENATE("EXECUTE ",$U$1,"0,0,0, ",C13,", '",D13,"', '",E13,"', ",F13, ",'", G13,"', '",H13,"', '",I13,"', '",J13,"', '",K13,"', '",L13,"', '",M13,"', '",N13,"', '",O13,"', '",P13,"', '",Q13,"', '",R13,"', ",S13) -> EXECUTE [dbo].[PG_CI_RAZON_SOCIAL] 0,0,0, 19, 'TOMZA / MEXICO (GAS)', 'GTMEX', 1,'GAS TOMZA DE MEXICO S.A. DE C.V.', 'GTM020909DJ2', '', '', '', 'PARQUE INDUSTRIAL TEPEJI LT 183 MZ 24', 'S/N', '', 'PARQUE INDUSTRIAL TEPEJI', 'TEPEJI DEL RIO', '42850', 'TEPEJI DEL RIO DE OCAMPO', 0
A14: 0 | B14: 0 | C14: 15 | D14: TOMZA / PUEBLA (GAS) | E14: GTPUE | F14: 1 | G14: GAS TOMZA DE PUEBLA, SA DE CV | H14: GPR960815HJA | L14: KM. 134.8 AUTOPISTA MEXICO-ORIZABA | M14: S/N | O14: PARQUE INDUSTRIAL SAN FELIPE CHACHAPA | P14: AMOZOC | Q14: 72980 | R14: AMOZOC | S14: 0 | V14: =CONCATENATE("EXECUTE ",$U$1,"0,0,0, ",C14,", '",D14,"', '",E14,"', ",F14, ",'", G14,"', '",H14,"', '",I14,"', '",J14,"', '",K14,"', '",L14,"', '",M14,"', '",N14,"', '",O14,"', '",P14,"', '",Q14,"', '",R14,"', ",S14) -> EXECUTE [dbo].[PG_CI_RAZON_SOCIAL] 0,0,0, 15, 'TOMZA / PUEBLA (GAS)', 'GTPUE', 1,'GAS TOMZA DE PUEBLA, SA DE CV', 'GPR960815HJA', '', '', '', 'KM. 134.8 AUTOPISTA MEXICO-ORIZABA', 'S/N', '', 'PARQUE INDUSTRIAL SAN FELIPE CHACHAPA', 'AMOZOC', '72980', 'AMOZOC', 0
A15: 0 | B15: 0 | C15: 45 | D15: TOMZA / YUCATAN (GAS) | E15: GTYUC | F15: 1 | G15: GAS TOMZA DE YUCATAN S.A. DE C.V. | H15: GTY030728BA4 | L15: CARRETERA UMAN KINCHIL KM 15 MAS 500 | M15: S/N | O15: SIN COLONIA | P15: SAMAHIL | Q15: 97810 | R15: SAMAHIL | S15: 0 | V15: =CONCATENATE("EXECUTE ",$U$1,"0,0,0, ",C15,", '",D15,"', '",E15,"', ",F15, ",'", G15,"', '",H15,"', '",I15,"', '",J15,"', '",K15,"', '",L15,"', '",M15,"', '",N15,"', '",O15,"', '",P15,"', '",Q15,"', '",R15,"', ",S15) -> EXECUTE [dbo].[PG_CI_RAZON_SOCIAL] 0,0,0, 45, 'TOMZA / YUCATAN (GAS)', 'GTYUC', 1,'GAS TOMZA DE YUCATAN S.A. DE C.V.', 'GTY030728BA4', '', '', '', 'CARRETERA UMAN KINCHIL KM 15 MAS 500', 'S/N', '', 'SIN COLONIA', 'SAMAHIL', '97810', 'SAMAHIL', 0
A16: 0 | B16: 0 | C16: 21 | D16: URIBE ACAPULCO (GAS) | E16: URIBE | F16: 1 | G16: GAS URIBE DE ACAPULCO SA DE CV | H16: GUA8501025D6 | L16: BOULEVARD TOMAS FERNANDEZ | M16: 8255 | N16: 11B | O16: LOS PARQUES | P16: JUAREZ | Q16: 32440 | R16: JUAREZ | S16: 0 | V16: =CONCATENATE("EXECUTE ",$U$1,"0,0,0, ",C16,", '",D16,"', '",E16,"', ",F16, ",'", G16,"', '",H16,"', '",I16,"', '",J16,"', '",K16,"', '",L16,"', '",M16,"', '",N16,"', '",O16,"', '",P16,"', '",Q16,"', '",R16,"', ",S16) -> EXECUTE [dbo].[PG_CI_RAZON_SOCIAL] 0,0,0, 21, 'URIBE ACAPULCO (GAS)', 'URIBE', 1,'GAS URIBE DE ACAPULCO SA DE CV', 'GUA8501025D6', '', '', '', 'BOULEVARD TOMAS FERNANDEZ', '8255', '11B', 'LOS PARQUES', 'JUAREZ', '32440', 'JUAREZ', 0
A17: 0 | B17: 0 | C17: 49 | D17: VULCANO (GAS) | E17: VULCN | F17: 1 | G17: GAS VULCANO SA DE CV | H17: GVU9912072H9 | L17: CARR. AL FRESNITO KM | M17: S/N | O17: CENTRO | P17: CD GUZMAN | Q17: 49100 | R17: ZAPOTLAN EL GRANDE | S17: 0 | V17: =CONCATENATE("EXECUTE ",$U$1,"0,0,0, ",C17,", '",D17,"', '",E17,"', ",F17, ",'", G17,"', '",H17,"', '",I17,"', '",J17,"', '",K17,"', '",L17,"', '",M17,"', '",N17,"', '",O17,"', '",P17,"', '",Q17,"', '",R17,"', ",S17) -> EXECUTE [dbo].[PG_CI_RAZON_SOCIAL] 0,0,0, 49, 'VULCANO (GAS)', 'VULCN', 1,'GAS VULCANO SA DE CV', 'GVU9912072H9', '', '', '', 'CARR. AL FRESNITO KM', 'S/N', '', 'CENTRO', 'CD GUZMAN', '49100', 'ZAPOTLAN EL GRANDE', 0
A18: 0 | B18: 0 | C18: 23 | D18: GAS Y SERVICIO | E18: GASYS | F18: 1 | G18: GAS Y SERVICIO SA DE CV | H18: GSE520604IT5 | L18: AV SAN JOSE | M18: 55 | O18: LAZARO CARDENAS | P18: HERMILIO MENA | Q18: 54189 | R18: TLALNEPANTLA | S18: 0 | V18: =CONCATENATE("EXECUTE ",$U$1,"0,0,0, ",C18,", '",D18,"', '",E18,"', ",F18, ",'", G18,"', '",H18,"', '",I18,"', '",J18,"', '",K18,"', '",L18,"', '",M18,"', '",N18,"', '",O18,"', '",P18,"', '",Q18,"', '",R18,"', ",S18) -> EXECUTE [dbo].[PG_CI_RAZON_SOCIAL] 0,0,0, 23, 'GAS Y SERVICIO', 'GASYS', 1,'GAS Y SERVICIO SA DE CV', 'GSE520604IT5', '', '', '', 'AV SAN JOSE', '55', '', 'LAZARO CARDENAS', 'HERMILIO MENA', '54189', 'TLALNEPANTLA', 0
A19: 0 | B19: 0 | C19: 24 | D19: ZARAGOZA OJINAGA (GAS) | E19: GZAOJ | F19: 1 | G19: GAS ZARAGOZA EN OJINAGA S.A. DE C.V. | H19: GZO8712026P7 | L19: JUSTO SIERRA | M19: 300 | N19: S/N | O19: LINDA VISTA | P19: OJINAGA | Q19: 32885 | R19: OJINAGA | S19: 0 | V19: =CONCATENATE("EXECUTE ",$U$1,"0,0,0, ",C19,", '",D19,"', '",E19,"', ",F19, ",'", G19,"', '",H19,"', '",I19,"', '",J19,"', '",K19,"', '",L19,"', '",M19,"', '",N19,"', '",O19,"', '",P19,"', '",Q19,"', '",R19,"', ",S19) -> EXECUTE [dbo].[PG_CI_RAZON_SOCIAL] 0,0,0, 24, 'ZARAGOZA OJINAGA (GAS)', 'GZAOJ', 1,'GAS ZARAGOZA EN OJINAGA S.A. DE C.V.', 'GZO8712026P7', '', '', '', 'JUSTO SIERRA', '300', 'S/N', 'LINDA VISTA', 'OJINAGA', '32885', 'OJINAGA', 0
A20: 0 | B20: 0 | C20: 25 | D20: GASOMATICO | E20: GSOMA | F20: 1 | G20: GASOMATICO S.A. DE C.V. | H20: GAS710629HU3 | L20: AV. SAN JOSE | M20: 7 | N20: BIS | O20: SAN JUAN IXHUATEPEC | P20: TLALNEPANTLA DE BAZ | Q20: 54180 | R20: TLALNEPANTLA DE BAZ | S20: 0 | V20: =CONCATENATE("EXECUTE ",$U$1,"0,0,0, ",C20,", '",D20,"', '",E20,"', ",F20, ",'", G20,"', '",H20,"', '",I20,"', '",J20,"', '",K20,"', '",L20,"', '",M20,"', '",N20,"', '",O20,"', '",P20,"', '",Q20,"', '",R20,"', ",S20) -> EXECUTE [dbo].[PG_CI_RAZON_SOCIAL] 0,0,0, 25, 'GASOMATICO', 'GSOMA', 1,'GASOMATICO S.A. DE C.V.', 'GAS710629HU3', '', '', '', 'AV. SAN JOSE', '7', 'BIS', 'SAN JUAN IXHUATEPEC', 'TLALNEPANTLA DE BAZ', '54180', 'TLALNEPANTLA DE BAZ', 0
A21: 0 | B21: 0 | C21: 36 | D21: HIDROGAS / AGUA PRIETA | E21: HIAGP | F21: 1 | G21: HIDRO GAS DE AGUA PRIETA SA DE CV | H21: HGA7512092G9 | L21: CARRETERA A NACOZARI KM. 5 1.2 | M21: S/N | O21: EJIDAL | P21: AGUA PRIETA | Q21: 84259 | R21: AGUA PRIETA | S21: 0 | V21: =CONCATENATE("EXECUTE ",$U$1,"0,0,0, ",C21,", '",D21,"', '",E21,"', ",F21, ",'", G21,"', '",H21,"', '",I21,"', '",J21,"', '",K21,"', '",L21,"', '",M21,"', '",N21,"', '",O21,"', '",P21,"', '",Q21,"', '",R21,"', ",S21) -> EXECUTE [dbo].[PG_CI_RAZON_SOCIAL] 0,0,0, 36, 'HIDROGAS / AGUA PRIETA', 'HIAGP', 1,'HIDRO GAS DE AGUA PRIETA SA DE CV', 'HGA7512092G9', '', '', '', 'CARRETERA A NACOZARI KM. 5 1.2', 'S/N', '', 'EJIDAL', 'AGUA PRIETA', '84259', 'AGUA PRIETA', 0
A22: 0 | B22: 0 | C22: 26 | D22: HIDROGAS / ACAPULCO | E22: HIACA | F22: 1 | G22: HIDROGAS ACAPULCO SA DE CV | H22: HAC8205109V4 | L22: BOULEVARD TOMAS FERNANDEZ | M22: 8255 | N22: 11B | O22: LOS PARQUES | P22: JUAREZ | Q22: 32440 | R22: JUAREZ | S22: 0 | V22: =CONCATENATE("EXECUTE ",$U$1,"0,0,0, ",C22,", '",D22,"', '",E22,"', ",F22, ",'", G22,"', '",H22,"', '",I22,"', '",J22,"', '",K22,"', '",L22,"', '",M22,"', '",N22,"', '",O22,"', '",P22,"', '",Q22,"', '",R22,"', ",S22) -> EXECUTE [dbo].[PG_CI_RAZON_SOCIAL] 0,0,0, 26, 'HIDROGAS / ACAPULCO', 'HIACA', 1,'HIDROGAS ACAPULCO SA DE CV', 'HAC8205109V4', '', '', '', 'BOULEVARD TOMAS FERNANDEZ', '8255', '11B', 'LOS PARQUES', 'JUAREZ', '32440', 'JUAREZ', 0
A23: 0 | B23: 0 | C23: 28 | D23: HIDROGAS / CHIHUAHUA | E23: HICHI | F23: 1 | G23: HIDROGAS DE CHIHUAHUA S.A. DE C.V. | H23: HCI8401303N0 | L23: AV. FUENTES MARES KM. 1 | M23: S/N | O23: SANTA ROSA | P23: CHIHUAHUA | Q23: 31050 | R23: CHIHUAHUA | S23: 0 | V23: =CONCATENATE("EXECUTE ",$U$1,"0,0,0, ",C23,", '",D23,"', '",E23,"', ",F23, ",'", G23,"', '",H23,"', '",I23,"', '",J23,"', '",K23,"', '",L23,"', '",M23,"', '",N23,"', '",O23,"', '",P23,"', '",Q23,"', '",R23,"', ",S23) -> EXECUTE [dbo].[PG_CI_RAZON_SOCIAL] 0,0,0, 28, 'HIDROGAS / CHIHUAHUA', 'HICHI', 1,'HIDROGAS DE CHIHUAHUA S.A. DE C.V.', 'HCI8401303N0', '', '', '', 'AV. FUENTES MARES KM. 1', 'S/N', '', 'SANTA ROSA', 'CHIHUAHUA', '31050', 'CHIHUAHUA', 0
A24: 0 | B24: 0 | C24: 47 | D24: HOLBOX | E24: HOLBX | F24: 1 | G24: HOLBOX GAS, S.A. DE C.V. | H24: HGA0301158L7 | L24: AV. INDUSTRIAL MANZANA 27 | M24: LOTE 06 | O24: REG 97 | P24: BENITO JUAREZ | Q24: 77530 | R24: BENITO JUAREZ | S24: 0 | V24: =CONCATENATE("EXECUTE ",$U$1,"0,0,0, ",C24,", '",D24,"', '",E24,"', ",F24, ",'", G24,"', '",H24,"', '",I24,"', '",J24,"', '",K24,"', '",L24,"', '",M24,"', '",N24,"', '",O24,"', '",P24,"', '",Q24,"', '",R24,"', ",S24) -> EXECUTE [dbo].[PG_CI_RAZON_SOCIAL] 0,0,0, 47, 'HOLBOX ', 'HOLBX', 1,'HOLBOX GAS, S.A. DE C.V.', 'HGA0301158L7', '', '', '', 'AV. INDUSTRIAL MANZANA 27', 'LOTE 06', '', 'REG 97', 'BENITO JUAREZ', '77530', 'BENITO JUAREZ', 0
A25: 0 | B25: 0 | C25: 30 | D25: INZA | E25: INZA | F25: 8 | G25: INDUSTRIAS ZARAGOZA DIVISION PRODUCTOS METALICOS, S.A. DE C.V. | H25: IZD830721361 | L25: CARR. PANAMERICANA | M25: KM 17 | O25: NUEVO HIPODROMO | P25: CD JUAREZ | Q25: 32685 | R25: JUAREZ | S25: 0 | V25: =CONCATENATE("EXECUTE ",$U$1,"0,0,0, ",C25,", '",D25,"', '",E25,"', ",F25, ",'", G25,"', '",H25,"', '",I25,"', '",J25,"', '",K25,"', '",L25,"', '",M25,"', '",N25,"', '",O25,"', '",P25,"', '",Q25,"', '",R25,"', ",S25) -> EXECUTE [dbo].[PG_CI_RAZON_SOCIAL] 0,0,0, 30, 'INZA', 'INZA', 8,'INDUSTRIAS ZARAGOZA DIVISION PRODUCTOS METALICOS, S.A. DE C.V.', 'IZD830721361', '', '', '', 'CARR. PANAMERICANA', 'KM 17', '', 'NUEVO HIPODROMO', 'CD JUAREZ', '32685', 'JUAREZ', 0
A26: 0 | B26: 0 | C26: 65 | D26: MAMEME (GAS) | E26: MAMEM | F26: 1 | G26: MAMEME GAS, S.A. DE C.V. | H26: MGA0902271A0 | L26: CARRETERA TALA SANTA CRUZ KM 7.40 | M26: S/N | O26: SAN JUAN DE LOS ARCOS | P26: TALA | Q26: 45331 | R26: TALA | S26: 0 | V26: =CONCATENATE("EXECUTE ",$U$1,"0,0,0, ",C26,", '",D26,"', '",E26,"', ",F26, ",'", G26,"', '",H26,"', '",I26,"', '",J26,"', '",K26,"', '",L26,"', '",M26,"', '",N26,"', '",O26,"', '",P26,"', '",Q26,"', '",R26,"', ",S26) -> EXECUTE [dbo].[PG_CI_RAZON_SOCIAL] 0,0,0, 65, 'MAMEME (GAS)', 'MAMEM', 1,'MAMEME GAS, S.A. DE C.V.', 'MGA0902271A0', '', '', '', 'CARRETERA TALA SANTA CRUZ KM 7.40', 'S/N', '', 'SAN JUAN DE LOS ARCOS', 'TALA', '45331', 'TALA', 0
A27: 0 | B27: 0 | C27: 42 | D27: UNIGAS | E27: UNIGS | F27: 1 | G27: UNIGAS SA DE CV | H27: UGA810602EX1 | L27: AV SAN JOSE | M27: 7 | O27: LA PRESA | P27: TLALNEPANTLA | Q27: 54180 | R27: TLALNEPANTLA | S27: 0 | V27: =CONCATENATE("EXECUTE ",$U$1,"0,0,0, ",C27,", '",D27,"', '",E27,"', ",F27, ",'", G27,"', '",H27,"', '",I27,"', '",J27,"', '",K27,"', '",L27,"', '",M27,"', '",N27,"', '",O27,"', '",P27,"', '",Q27,"', '",R27,"', ",S27) -> EXECUTE [dbo].[PG_CI_RAZON_SOCIAL] 0,0,0, 42, 'UNIGAS', 'UNIGS', 1,'UNIGAS SA DE CV', 'UGA810602EX1', '', '', '', 'AV SAN JOSE', '7', '', 'LA PRESA', 'TLALNEPANTLA', '54180', 'TLALNEPANTLA', 0
A28: 0 | B28: 0 | C28: 1 | D28: AEROSILZA | E28: AEROS | F28: 6 | G28: AEROSILZA S.A. DE C.V. | H28: ='ERM EMPRESA'!D28 -> N/D | S28: 0 | V28: =CONCATENATE("EXECUTE ",$U$1,"0,0,0, ",C28,", '",D28,"', '",E28,"', ",F28, ",'", G28,"', '",H28,"', '",I28,"', '",J28,"', '",K28,"', '",L28,"', '",M28,"', '",N28,"', '",O28,"', '",P28,"', '",Q28,"', '",R28,"', ",S28) -> EXECUTE [dbo].[PG_CI_RAZON_SOCIAL] 0,0,0, 1, 'AEROSILZA', 'AEROS', 6,'AEROSILZA S.A. DE C.V.', 'N/D', '', '', '', '', '', '', '', '', '', '', 0
A29: 0 | B29: 0 | C29: 2 | D29: AEROTOMZA | E29: AEROT | F29: 6 | G29: AEROTOMZA S.A. DE C.V. | H29: ='ERM EMPRESA'!D29 -> N/D | S29: 0 | V29: =CONCATENATE("EXECUTE ",$U$1,"0,0,0, ",C29,", '",D29,"', '",E29,"', ",F29, ",'", G29,"', '",H29,"', '",I29,"', '",J29,"', '",K29,"', '",L29,"', '",M29,"', '",N29,"', '",O29,"', '",P29,"', '",Q29,"', '",R29,"', ",S29) -> EXECUTE [dbo].[PG_CI_RAZON_SOCIAL] 0,0,0, 2, 'AEROTOMZA', 'AEROT', 6,'AEROTOMZA S.A. DE C.V.', 'N/D', '', '', '', '', '', '', '', '', '', '', 0
A30: 0 | B30: 0 | C30: 3 | D30: APPLEMEX | E30: APPMX | F30: 99 | G30: APPLEMEX S.A. DE C.V. | H30: ='ERM EMPRESA'!D30 -> N/D | S30: 0 | V30: =CONCATENATE("EXECUTE ",$U$1,"0,0,0, ",C30,", '",D30,"', '",E30,"', ",F30, ",'", G30,"', '",H30,"', '",I30,"', '",J30,"', '",K30,"', '",L30,"', '",M30,"', '",N30,"', '",O30,"', '",P30,"', '",Q30,"', '",R30,"', ",S30) -> EXECUTE [dbo].[PG_CI_RAZON_SOCIAL] 0,0,0, 3, 'APPLEMEX', 'APPMX', 99,'APPLEMEX S.A. DE C.V.', 'N/D', '', '', '', '', '', '', '', '', '', '', 0
A31: 0 | B31: 0 | C31: 4 | D31: ASPTA | E31: ASPTA | F31: 8 | G31: ASESORIA Y SERVICIOS PROFECIONALES TECNICOS Y ADMINISTRATIVOS S.A. DE C.V. | H31: ='ERM EMPRESA'!D31 -> N/D | S31: 0 | V31: =CONCATENATE("EXECUTE ",$U$1,"0,0,0, ",C31,", '",D31,"', '",E31,"', ",F31, ",'", G31,"', '",H31,"', '",I31,"', '",J31,"', '",K31,"', '",L31,"', '",M31,"', '",N31,"', '",O31,"', '",P31,"', '",Q31,"', '",R31,"', ",S31) -> EXECUTE [dbo].[PG_CI_RAZON_SOCIAL] 0,0,0, 4, 'ASPTA', 'ASPTA', 8,'ASESORIA Y SERVICIOS PROFECIONALES TECNICOS Y ADMINISTRATIVOS S.A. DE C.V.', 'N/D', '', '', '', '', '', '', '', '', '', '', 0
A32: 0 | B32: 0 | C32: 5 | D32: COLECCION ARTISTICA SILZA | E32: CARTS | F32: 99 | G32: COLECCION ARTISTICA SILZA S.A DE C.V. | H32: ='ERM EMPRESA'!D32 -> N/D | S32: 0 | V32: =CONCATENATE("EXECUTE ",$U$1,"0,0,0, ",C32,", '",D32,"', '",E32,"', ",F32, ",'", G32,"', '",H32,"', '",I32,"', '",J32,"', '",K32,"', '",L32,"', '",M32,"', '",N32,"', '",O32,"', '",P32,"', '",Q32,"', '",R32,"', ",S32) -> EXECUTE [dbo].[PG_CI_RAZON_SOCIAL] 0,0,0, 5, 'COLECCION ARTISTICA SILZA', 'CARTS', 99,'COLECCION ARTISTICA SILZA S.A DE C.V.', 'N/D', '', '', '', '', '', '', '', '', '', '', 0
A33: 0 | B33: 0 | C33: 7 | D33: COMPAÑIA MEXICANA DE GAS COMBUSTIBLE S.A. DE C.V. TEHUACAN | E33: MEXTE | F33: 1 | G33: COMPAÑIA MEXICANA DE GAS COMBUSTIBLE S.A. DE C.V. TEHUACAN | H33: ='ERM EMPRESA'!D33 -> N/D | S33: 0 | V33: =CONCATENATE("EXECUTE ",$U$1,"0,0,0, ",C33,", '",D33,"', '",E33,"', ",F33, ",'", G33,"', '",H33,"', '",I33,"', '",J33,"', '",K33,"', '",L33,"', '",M33,"', '",N33,"', '",O33,"', '",P33,"', '",Q33,"', '",R33,"', ",S33) -> EXECUTE [dbo].[PG_CI_RAZON_SOCIAL] 0,0,0, 7, 'COMPAÑIA MEXICANA DE GAS COMBUSTIBLE S.A. DE C.V. TEHUACAN', 'MEXTE', 1,'COMPAÑIA MEXICANA DE GAS COMBUSTIBLE S.A. DE C.V. TEHUACAN', 'N/D', '', '', '', '', '', '', '', '', '', '', 0
A34: 0 | B34: 0 | C34: 8 | D34: DESARROLLOS ESMERALDA | E34: ESMER | F34: 4 | G34: DESARROLLOS ESMERALDA S.A. DE C.V. | H34: ='ERM EMPRESA'!D34 -> N/D | S34: 0 | V34: =CONCATENATE("EXECUTE ",$U$1,"0,0,0, ",C34,", '",D34,"', '",E34,"', ",F34, ",'", G34,"', '",H34,"', '",I34,"', '",J34,"', '",K34,"', '",L34,"', '",M34,"', '",N34,"', '",O34,"', '",P34,"', '",Q34,"', '",R34,"', ",S34) -> EXECUTE [dbo].[PG_CI_RAZON_SOCIAL] 0,0,0, 8, 'DESARROLLOS ESMERALDA', 'ESMER', 4,'DESARROLLOS ESMERALDA S.A. DE C.V.', 'N/D', '', '', '', '', '', '', '', '', '', '', 0
A35: 0 | B35: 0 | C35: 9 | D35: ESTACIONES SERVICIO SILZA | E35: SERVS | F35: 8 | G35: ESTACIONES DE SERVICIO SILZA S.A. DE C.V. | H35: ='ERM EMPRESA'!D35 -> N/D | S35: 0 | V35: =CONCATENATE("EXECUTE ",$U$1,"0,0,0, ",C35,", '",D35,"', '",E35,"', ",F35, ",'", G35,"', '",H35,"', '",I35,"', '",J35,"', '",K35,"', '",L35,"', '",M35,"', '",N35,"', '",O35,"', '",P35,"', '",Q35,"', '",R35,"', ",S35) -> EXECUTE [dbo].[PG_CI_RAZON_SOCIAL] 0,0,0, 9, 'ESTACIONES SERVICIO SILZA', 'SERVS', 8,'ESTACIONES DE SERVICIO SILZA S.A. DE C.V.', 'N/D', '', '', '', '', '', '', '', '', '', '', 0
A36: 0 | B36: 0 | C36: 14 | D36: DEL PACIFICO (GAS) | E36: GSPAC | F36: 1 | G36: GAS DEL PACIFICO S.A. DE C.V. | H36: ='ERM EMPRESA'!D36 -> N/D | S36: 0 | V36: =CONCATENATE("EXECUTE ",$U$1,"0,0,0, ",C36,", '",D36,"', '",E36,"', ",F36, ",'", G36,"', '",H36,"', '",I36,"', '",J36,"', '",K36,"', '",L36,"', '",M36,"', '",N36,"', '",O36,"', '",P36,"', '",Q36,"', '",R36,"', ",S36) -> EXECUTE [dbo].[PG_CI_RAZON_SOCIAL] 0,0,0, 14, 'DEL PACIFICO (GAS)', 'GSPAC', 1,'GAS DEL PACIFICO S.A. DE C.V.', 'N/D', '', '', '', '', '', '', '', '', '', '', 0
A37: 0 | B37: 0 | C37: 17 | D37: SILZA DE MEXICO (GAS) | E37: GSILM | F37: 1 | G37: GAS SILZA DE MEXICO S.A. DE C.V. | H37: ='ERM EMPRESA'!D37 -> N/D | S37: 0 | V37: =CONCATENATE("EXECUTE ",$U$1,"0,0,0, ",C37,", '",D37,"', '",E37,"', ",F37, ",'", G37,"', '",H37,"', '",I37,"', '",J37,"', '",K37,"', '",L37,"', '",M37,"', '",N37,"', '",O37,"', '",P37,"', '",Q37,"', '",R37,"', ",S37) -> EXECUTE [dbo].[PG_CI_RAZON_SOCIAL] 0,0,0, 17, 'SILZA DE MEXICO (GAS)', 'GSILM', 1,'GAS SILZA DE MEXICO S.A. DE C.V.', 'N/D', '', '', '', '', '', '', '', '', '', '', 0
A38: 0 | B38: 0 | C38: 18 | D38: TOMZA DE LA LAGUNA (GAS) | E38: GTLAG | F38: 1 | G38: GAS TOMZA DE LA LAGUNA S.A. DE C.V. | H38: ='ERM EMPRESA'!D38 -> N/D | S38: 0 | V38: =CONCATENATE("EXECUTE ",$U$1,"0,0,0, ",C38,", '",D38,"', '",E38,"', ",F38, ",'", G38,"', '",H38,"', '",I38,"', '",J38,"', '",K38,"', '",L38,"', '",M38,"', '",N38,"', '",O38,"', '",P38,"', '",Q38,"', '",R38,"', ",S38) -> EXECUTE [dbo].[PG_CI_RAZON_SOCIAL] 0,0,0, 18, 'TOMZA DE LA LAGUNA (GAS)', 'GTLAG', 1,'GAS TOMZA DE LA LAGUNA S.A. DE C.V.', 'N/D', '', '', '', '', '', '', '', '', '', '', 0
A39: 0 | B39: 0 | C39: 20 | D39: TOMZA DEL CARIBE (GAS) | E39: GTCAR | F39: 1 | G39: GAS TOMZA DEL CARIBE S.A. DE C.V. | H39: ='ERM EMPRESA'!D39 -> N/D | S39: 0 | V39: =CONCATENATE("EXECUTE ",$U$1,"0,0,0, ",C39,", '",D39,"', '",E39,"', ",F39, ",'", G39,"', '",H39,"', '",I39,"', '",J39,"', '",K39,"', '",L39,"', '",M39,"', '",N39,"', '",O39,"', '",P39,"', '",Q39,"', '",R39,"', ",S39) -> EXECUTE [dbo].[PG_CI_RAZON_SOCIAL] 0,0,0, 20, 'TOMZA DEL CARIBE (GAS)', 'GTCAR', 1,'GAS TOMZA DEL CARIBE S.A. DE C.V.', 'N/D', '', '', '', '', '', '', '', '', '', '', 0
... A83: 0 | B83: 0 | C83: 92 | D83: HELITOMZA | E83: HELIT | F83: 6 | G83: HELITOMZA SA DE CV | H83: ='ERM EMPRESA'!D83 -> HEL170330393 | S83: 0 | V83: =CONCATENATE("EXECUTE ",$U$1,"0,0,0, ",C83,", '",D83,"', '",E83,"', ",F83, ",'", G83,"', '",H83,"', '",I83,"', '",J83,"', '",K83,"', '",L83,"', '",M83,"', '",N83,"', '",O83,"', '",P83,"', '",Q83,"', '",R83,"', ",S83) -> EXECUTE [dbo].[PG_CI_RAZON_SOCIAL] 0,0,0, 92, 'HELITOMZA', 'HELIT', 6,'HELITOMZA SA DE CV', 'HEL170330393', '', '', '', '', '', '', '', '', '', '', 0

Sheet ERM EMPRESA
A1: idEmpresa | B1: nombreEmpresa | C1: domicilioEmpresa | D1: RFCEmpresa | E1: activo
A3: 86 | B3: CIA IMP DE GAS Y PETROLEO DEL GOLFO SA DE CV | E3: 1
A4: 84 | B4: CIA IMP DE GAS Y PETROLEO DE JUAREZ SA DE CV | E4: 1
A5: 6 | B5: COMPAÑIA MEXICANA DE GAS COMBUSTIBLE S.A. DE C.V. | C5: N/D | D5: N/D | E5: 1
A6: 10 | B6: GAS BUTEP S.A. | C6: N/D | D6: N/D | E6: 1
A7: 11 | B7: GAS CHAPULTEPEC S.A. DE C.V. | C7: N/D | D7: N/D | E7: 1
A8: 12 | B8: GAS COMERCIAL DE NUEVO CASAS GRANDES S.A. DE C.V. | C8: N/D | D8: N/D | E8: 1
A9: 13 | B9: GAS COMERCIAL DE VILLA AHUMADA S.A. DE C.V. | C9: N/D | D9: N/D | E9: 1
A10: 53 | B10: GAS DE TENABO S.A. DE C.V. | C10: N/D | D10: N/D | E10: 1
A11: 16 | B11: GAS SILZA S.A. DE C.V. | C11: N/D | D11: N/D | E11: 1
A12: 89 | B12: GAS TITANIUM SA DE CV | C12: SAN ISIDRO LA SOLEDAD 19.8 KM | D12: GTI110912122 | E12: 1
A13: 19 | B13: GAS TOMZA DE MEXICO S.A. DE C.V. | C13: N/D | D13: N/D | E13: 1
A14: 15 | B14: GAS TOMZA DE PUEBLA S.A. DE C.V. | C14: N/D | D14: N/D | E14: 1
A15: 45 | B15: GAS TOMZA DE YUCATAN SA DE CV | C15: N/D | D15: N/D | E15: 1
A16: 21 | B16: GAS URIBE DE ACAPULCO S.A. DE C.V. | C16: N/D | D16: N/D | E16: 1
... A64: 64 | B64: SILVIA ITO VARELA | C64: N/D | D64: N/D | E64: 1
A65: 67 | B65: TRANSPORTADORA SILZA USA INC | E65: 1
A66: 69 | B66: FUNDACION ALBERTO ZARAGOZA AC | E66: 1
A67: 70 | B67: INMOBILIAIRA EZI SA DE CV | C67: NA | D67: NA | E67: 1
A68: 71 | B68: INMOBILIARIA EZI S.A. DE C.V. | C68: ND | D68: ND | E68: 1
A69: 75 | B69: TOMZAJET S.A. DE C.V. | E69: 1
A70: 76 | B70: TRANSPORTADORA TOMZA SA DE CV | C70: PANAMERICANA KM17 | D70: TTO1406045Z5 | E70: 1
A71: 77 | B71: GINZA HOLDING INC | C71: 303 N OREGON ST STE 230 | E71: 1
A72: 78 | B72: INMOBILIARIA AVANCE DEL NORTE SA DE CV | C72: CARR PANAMERICANA 7735 | D72: IAN0603237V0 | E72: 1
A73: 79 | B73: INMOBILIARIA INDUSTRIAL Y FABRIL SA DE CV | C73: CARR PANAMERICANA KM 17.5 | D73: IIF710726E33 | E73: 1
A74: 80 | B74: PETROLEOS Y GAS DEL GOLFO SA DE CV | C74: PANAMERICANA KM 17 | D74: PGG1602012Q3 | E74: 1
A75: 81 | B75: PETROLEOS Y GAS DEL NORTE SA DE CV | C75: PANAMERICANA KM 17 | D75: PGN1603079Q3 | E75: 1
A76: 82 | B76: TOMAS RAUL ZARAGOZA IBARRA | C76: CARR PANAMERICANA KM 17 | D76: ZAIT920213EU4 | E76: 1
A77: 83 | B77: TOMAS RAUL ZARAGOZA IBARRA | C77: CARR PANAMERICANA KM 17 | D77: ZAIT920213EU4 | E77: 1
A78: 85 | B78: CIA IMP DE GAS Y PETROLEO DE TIJUANA SA DE CV | E78: 1
A79: 87 | B79: COMPAÑIA ESPECIALIZADA TAO SA DE CV | C79: SAN FELIPE 807 SAN FELIPE II CHIH CHIH | D79: ETA160829LZA | E79: 1
A80: 88 | B80: COMPAÑIA IMPORTADORA DE GAS Y PETROLEO S.A DE C.V. | C80: N/D | D80: N/D | E80: 1
A81: 90 | B81: GAS TOMZA DE SINALOA, S.A DE C.V. | C81: BOULEVARD JIQUILPAN NUM 1393 CALLE RIO PRESIDIO COL SCALLY LOS MOCHIS SIN. | D81: GTS170327JI0 | E81: 1
A82: 91 | B82: GAS TITANIUM S.A DE C.V. | E82: 0
A83: 92 | B83: HELITOMZA SA DE CV | C83: CARR PANAMERICANA KM17 CP 32685 | D83: HEL170330393 | E83: 1
